Month;Phase;Site;Habitat;c_dytiscidae;c_elmidae;c_gyrinidae;c_hydraenidae;c_hydrochidae;c_hydrophilidae;c_noteridae;c_scirtidae;d_ceratopogonidae;d_chaoboridae;d_chironomidae;d_culicidae;d_dixidae;d_ephydridae;d_psychodidae;d_stratiomyidae;d_tipulidae;e_baetidae;e_caenidae;e_ephemeridae;e_euthyplociidae;e_leptohyphidae;e_leptophlebiidae;e_oligoneuriidae;e_polymitarcydae;h_belostomatidae;h_corixidae;h_gerridae;h_hebridae;h_mesoveliidae;h_naucoridae;h_nepidae;h_notonectidae;h_pleidae;h_veliidae;o_aeshnidae;o_coenagrionidae;o_dicteriadidae;o_gomphidae;o_libellulidae;o_perilestidae;o_protoneuridae;o_pseudostigmatidae;or_tridactylidae;t_glossosomatidae;t_hydropsichidae;t_hydroptilidae;t_leptoceridae;t_odontoceridae;t_polycentropodidae
jun_2018;flowing;S1;sediment;11.11;0;0;0;0;0;0;0;55.56;0;1633.33;22.22;0;0;0;0;0;0;100;0;0;0;0;0;0;22.22;0;0;0;11.11;0;0;0;0;0;0;0;0;0;11.11;0;0;0;0;0;0;0;0;0;0
jun_2018;flowing;S1;sediment;0;0;11.11;0;0;22.22;0;0;0;0;11.11;0;0;0;0;0;0;0;0;0;0;0;0;0;0;0;0;0;0;0;0;0;0;0;0;0;0;0;11.11;0;0;0;0;0;0;0;0;0;0;477.78
jun_2018;flowing;S1;macrophyte;10;0;0;0;0;0;0;0;10;0;10;0;0;0;0;0;0;0;0;0;0;0;0;0;0;0;0;0;0;0;0;0;0;0;0;0;0;0;0;0;0;0;0;0;0;0;0;10;0;120
jun_2018;flowing;S1;macrophyte;0;0;0;0;10;10;0;0;0;0;330;0;0;0;0;0;0;10;230;0;0;20;0;0;0;0;10;0;0;0;0;0;0;0;0;0;30;0;0;30;0;0;0;0;0;0;0;0;0;60
jun_2018;flowing;S1;macrophyte;0;0;90;0;0;80;0;0;0;0;160;10;0;0;0;0;0;0;140;0;0;0;0;0;0;30;20;0;0;0;0;0;0;0;0;0;0;0;0;0;0;0;0;0;0;0;0;0;0;0
jun_2018;flowing;S1;vegetation;10;0;0;0;0;80;0;0;0;0;40;0;0;0;0;10;0;0;0;0;0;0;0;0;0;40;0;0;0;0;0;0;0;0;0;0;0;0;0;0;0;0;0;0;0;0;0;0;0;0
jun_2018;flowing;S2;macrophyte;210;0;10;0;0;10;0;0;0;0;80;0;0;0;0;0;0;0;0;0;0;0;0;0;0;20;0;0;0;0;10;0;0;0;0;0;0;0;0;30;0;0;0;0;0;0;0;0;0;50
jun_2018;flowing;S2;macrophyte;20;0;0;0;0;20;0;0;20;170;0;0;0;0;0;0;0;0;150;0;0;40;0;0;0;0;0;0;0;0;0;0;0;0;0;0;0;0;0;0;10;0;0;0;0;0;0;0;0;10
jun_2018;flowing;S2;sediment;0;0;0;0;0;0;0;0;0;0;0;0;0;0;0;0;0;0;11.11;0;0;11.11;0;0;0;0;0;0;0;0;0;0;0;0;0;0;0;0;0;0;0;0;0;0;0;0;0;0;0;0
jun_2018;flowing;S2;algae;150;0;0;0;0;80;30;0;0;450;770;30;0;0;0;0;0;190;980;0;0;130;0;0;0;0;40;0;0;10;0;0;0;0;0;0;10;0;10;140;0;0;0;0;0;0;0;0;0;0
jun_2018;flowing;S2;algae;0;0;0;0;0;0;0;0;0;0;140;0;0;0;0;0;0;0;60;0;0;0;0;0;0;0;0;0;0;0;0;0;0;0;0;0;0;0;10;0;0;0;0;0;0;0;0;0;0;0
jun_2018;flowing;S2;algae;20;0;0;0;0;30;10;0;0;0;10;0;0;0;0;0;0;80;280;0;0;10;0;0;0;0;0;0;0;0;0;0;0;0;0;0;0;10;10;20;0;0;0;0;0;0;0;0;0;0
jun_2018;flowing;S2;algae;0;0;0;0;0;0;0;0;0;0;120;10;0;0;0;0;0;30;0;0;0;10;0;0;0;0;0;0;0;0;0;0;0;0;0;0;0;0;0;20;0;0;0;0;0;0;0;70;10;0
jun_2018;flowing;S3;macrophyte;0;0;0;0;0;20;0;0;0;0;190;0;0;0;0;0;0;0;0;0;0;0;0;0;0;0;20;0;0;0;0;0;10;0;0;0;0;0;0;10;0;0;0;0;0;0;0;0;0;110
jun_2018;flowing;S3;macrophyte;30;0;0;0;0;0;0;0;10;0;310;0;0;0;0;0;0;0;0;0;0;0;0;0;0;0;20;0;0;0;0;0;0;0;0;0;0;0;0;0;0;0;0;0;0;0;0;0;0;0
jun_2018;flowing;S3;sediment;0;0;0;0;0;11.11;0;0;0;0;11.11;0;0;0;0;0;0;11.11;0;0;0;0;0;0;0;0;22.22;0;0;0;0;0;0;0;0;0;0;0;0;11.11;0;0;0;0;0;0;0;0;0;0
jun_2018;flowing;S3;sediment;22.22;0;0;0;0;188.89;0;0;0;0;11.11;0;0;0;0;0;0;11.11;0;0;0;0;0;0;0;0;11.11;0;0;0;0;0;0;0;0;0;0;0;0;0;0;0;0;0;0;0;0;0;0;0
jun_2018;flowing;S3;sediment;0;0;0;0;0;55.56;33.33;0;0;0;11.11;0;0;0;0;0;0;0;0;0;0;0;0;0;0;0;11.11;0;0;0;0;0;0;0;0;0;0;0;0;0;0;0;0;0;0;0;0;0;0;0
jun_2018;flowing;S3;algae;0;0;0;0;0;0;0;0;0;0;80;0;0;0;0;0;0;0;150;0;0;40;0;0;0;0;0;0;0;0;0;0;0;0;0;0;0;0;0;10;0;0;0;0;0;0;0;0;0;10
jun_2018;flowing;S3;algae;0;0;0;0;0;0;0;0;0;0;50;0;0;0;0;0;0;0;0;0;0;0;0;0;0;0;0;0;0;0;0;0;0;0;0;0;0;0;30;0;0;0;0;0;0;0;0;0;0;0
jun_2018;flowing;S3;algae;0;0;0;0;0;0;0;0;0;0;380;20;0;0;0;0;0;30;720;0;0;0;0;0;0;0;0;0;0;0;0;0;0;0;0;0;0;0;0;0;0;0;0;0;0;0;0;0;0;0
jun_2018;flowing;S3;algae;30;0;0;0;0;50;60;0;0;0;50;0;0;0;0;0;0;0;0;0;0;0;0;0;0;0;0;0;0;0;0;0;0;0;0;0;0;0;0;0;0;0;0;0;0;0;0;0;0;0
jun_2018;flowing;S4;sediment;0;0;0;0;0;55.56;0;0;0;0;0;0;0;0;0;0;0;11.11;55.56;0;0;0;0;0;0;0;0;0;0;0;0;0;0;0;0;0;0;0;0;0;0;0;0;0;0;0;0;0;0;0
jun_2018;flowing;S4;sediment;0;0;0;0;0;11.11;0;0;0;0;0;0;0;0;0;0;0;0;0;0;0;0;0;0;0;0;0;0;0;0;0;0;0;0;0;0;0;0;0;0;0;0;0;0;0;0;0;0;0;0
jun_2018;flowing;S4;sediment;0;0;0;0;0;11.11;0;0;0;0;0;0;0;0;0;0;0;0;0;0;0;0;0;0;0;0;0;0;0;0;0;0;0;0;0;0;0;0;22.22;0;0;0;0;0;0;0;0;0;0;0
jun_2018;flowing;S4;algae;0;0;10;0;10;10;0;0;0;0;0;0;0;0;0;0;0;0;10;0;0;0;0;0;0;20;0;0;0;10;0;0;0;0;0;0;0;0;0;0;0;0;0;0;0;0;0;0;10;0
jun_2018;flowing;S4;algae;0;0;0;0;10;0;0;0;0;0;0;0;0;0;0;0;0;0;580;0;0;50;0;0;0;20;0;0;0;0;10;0;0;0;0;0;0;0;0;0;0;0;0;0;0;0;0;0;50;0
jun_2018;flowing;S4;algae;0;0;0;0;0;0;0;0;0;0;0;0;0;0;0;0;0;10;140;0;0;70;0;0;0;0;0;0;0;0;0;0;0;0;0;0;0;0;0;0;0;0;0;0;0;0;0;0;0;0
jun_2018;flowing;S4;algae;0;0;0;0;0;0;0;0;0;0;0;0;0;0;0;0;0;10;40;0;0;100;0;0;0;0;0;0;0;0;0;0;0;0;0;0;0;0;0;0;0;0;0;0;0;0;0;0;0;0
jun_2018;flowing;S5;macrophyte;0;0;0;0;0;10;0;0;90;10;1760;0;0;0;0;0;0;0;0;0;0;0;0;0;0;0;0;0;0;0;0;0;0;0;0;0;0;0;10;0;0;0;0;0;0;0;0;0;0;40
jun_2018;flowing;S5;macrophyte;0;0;0;0;0;0;0;0;150;0;430;0;0;0;0;0;0;0;0;0;0;0;0;0;0;10;0;0;0;0;0;0;0;0;0;0;10;0;0;0;0;10;0;0;0;0;0;0;0;0
jun_2018;flowing;S5;macrophyte;0;0;0;0;0;0;0;0;0;0;60;0;0;0;0;0;0;0;80;0;0;0;0;0;0;0;0;0;0;0;0;0;0;0;0;0;0;0;0;10;0;0;0;0;0;0;0;0;0;0
jun_2018;flowing;S5;sediment;0;0;0;0;0;11.11;0;0;11.11;0;66.67;0;0;0;0;0;0;11.11;33.33;0;0;0;0;0;0;0;33.33;0;0;0;0;0;0;0;0;0;0;0;11.11;11.11;0;0;0;0;0;0;0;0;0;0
jun_2018;flowing;S5;sediment;0;0;0;0;0;0;0;0;0;0;22.22;0;0;0;0;0;0;0;0;0;0;0;0;0;0;0;0;0;0;0;0;0;0;0;0;0;0;0;0;0;0;0;0;0;0;0;0;0;0;0
jun_2018;flowing;S5;sediment;0;0;0;0;0;0;0;0;0;0;0;0;0;0;0;0;0;0;0;0;0;11.11;0;0;0;0;11.11;0;0;0;0;0;0;0;0;0;0;0;0;0;0;0;0;0;0;0;0;0;0;0
jun_2018;flowing;S6;macrophyte;0;0;0;0;0;0;0;0;10;0;170;0;0;0;0;0;0;0;20;0;0;10;0;0;0;0;0;0;0;0;0;0;0;0;0;0;0;0;0;0;0;10;0;0;0;0;0;0;0;60
jun_2018;flowing;S6;sediment;0;0;0;0;0;77.78;0;0;33.33;0;233.33;0;0;0;0;0;0;0;100;0;0;0;0;0;0;0;0;0;0;0;0;0;0;0;0;0;0;0;44.44;0;0;0;0;0;0;0;0;0;0;0
jun_2018;flowing;S6;sediment;0;0;0;0;0;33.33;0;0;0;0;77.78;0;0;0;0;0;0;0;0;0;0;0;0;0;0;0;0;0;0;0;0;0;0;0;0;0;0;0;0;0;0;0;0;0;0;0;0;0;0;0
jun_2018;flowing;S6;sediment;0;0;0;0;0;11.11;0;0;0;0;0;0;0;0;0;0;0;11.11;88.89;0;0;0;0;0;0;0;0;0;0;0;0;0;0;0;0;0;0;0;55.56;0;0;0;0;0;0;0;0;0;0;0
sep_2018;non_flowing;S1;macrophyte;0;0;0;0;30;0;30;0;10;0;190;0;0;0;0;0;0;0;50;0;0;0;0;0;0;0;0;0;0;0;0;0;0;0;0;0;0;0;0;0;0;0;0;0;0;0;0;0;0;0
sep_2018;non_flowing;S1;macrophyte;0;0;0;0;0;0;0;0;0;0;450;0;0;0;0;0;0;0;0;0;0;0;0;0;0;0;0;0;0;0;0;0;0;0;0;0;0;0;0;0;0;0;0;0;0;0;0;0;0;0
sep_2018;non_flowing;S1;macrophyte;0;0;0;0;370;20;0;0;0;0;340;0;0;0;0;0;0;0;50;0;0;0;0;0;0;30;0;0;0;0;0;0;0;0;0;0;40;0;0;10;0;0;0;0;0;0;0;10;10;10
sep_2018;non_flowing;S1;algae;0;0;0;20;0;90;20;0;0;0;0;0;0;0;0;0;0;0;0;0;0;0;0;0;0;0;0;0;0;0;0;0;0;10;0;0;0;0;0;0;0;0;0;0;0;0;0;0;0;0
sep_2018;non_flowing;S1;sediment;0;0;0;0;0;33.33;0;0;0;0;88.89;0;0;0;0;0;0;0;0;0;0;0;0;0;0;0;11.11;0;0;0;0;0;0;0;0;0;0;0;0;0;0;0;0;0;0;0;0;0;0;0
sep_2018;non_flowing;S1;sediment;0;0;0;0;0;11.11;0;0;0;0;11.11;0;0;0;0;0;0;0;0;0;0;0;0;0;0;0;0;0;0;0;0;0;0;0;0;0;0;0;0;0;0;0;0;0;0;0;0;0;0;0
sep_2018;non_flowing;S1;sediment;0;0;0;0;22.22;11.11;0;0;0;0;0;0;0;0;0;0;0;0;0;0;0;0;0;0;0;0;11.11;0;0;0;0;0;0;0;0;0;0;0;0;0;0;0;0;0;0;22.22;0;0;0;0
sep_2018;non_flowing;S1;macrophyte;20;10;0;20;210;190;20;100;0;0;310;0;0;0;0;40;0;0;0;0;0;0;0;0;0;60;30;0;10;10;10;10;0;0;0;0;0;0;0;10;0;0;0;0;0;0;0;0;0;40
sep_2018;non_flowing;S1;macrophyte;20;0;0;0;370;230;10;0;30;0;130;0;0;0;0;0;0;0;90;0;0;0;0;0;0;0;0;0;0;0;0;0;0;0;0;0;0;0;0;0;0;0;0;0;0;0;0;0;0;10
sep_2018;non_flowing;S1;macrophyte;0;0;0;0;20;10;40;0;50;0;260;0;0;0;0;0;0;0;30;0;0;0;0;0;0;10;0;0;0;10;0;0;0;0;0;0;10;0;0;0;10;0;0;0;0;0;0;0;0;10
sep_2018;non_flowing;S1;macrophyte;0;0;0;0;20;10;20;30;0;0;10;0;0;0;0;0;0;0;0;0;0;0;0;0;0;0;0;0;10;0;0;0;0;0;0;0;0;0;0;0;0;0;0;0;0;0;0;0;0;0
sep_2018;non_flowing;S1;sediment;0;0;0;0;0;233.33;0;0;0;0;0;0;0;0;0;0;0;0;0;0;0;0;0;0;0;0;0;0;0;0;0;0;0;0;0;0;0;0;0;0;0;0;0;0;0;0;0;0;0;0
sep_2018;non_flowing;S1;algae;0;0;0;0;50;40;30;0;0;0;0;0;0;0;0;10;0;0;0;0;0;0;10;0;0;0;300;0;0;0;0;0;0;0;0;0;0;0;0;10;0;0;0;0;0;0;0;0;0;0
sep_2018;non_flowing;S1;algae;0;0;0;20;10;110;140;10;0;0;40;0;0;0;0;0;0;0;100;0;0;0;0;0;0;20;0;0;0;10;0;0;0;0;0;0;10;0;10;20;0;0;0;0;0;0;0;0;0;0
sep_2018;non_flowing;S1;algae;0;0;0;0;90;40;20;0;0;0;0;0;0;0;0;0;0;0;0;0;0;0;0;0;0;0;320;0;0;10;0;0;0;0;0;0;0;0;0;10;0;0;0;0;0;0;0;0;0;0
sep_2018;non_flowing;S1;macrophyte;0;0;0;150;160;60;50;10;50;0;320;0;0;0;30;50;0;0;100;0;0;10;0;0;0;0;20;0;0;0;0;0;0;0;0;0;20;0;0;0;0;0;0;0;0;0;0;0;0;70
sep_2018;non_flowing;S1;macrophyte;0;0;0;230;870;60;150;0;30;0;250;0;0;0;0;0;0;0;30;10;0;10;0;0;0;0;0;0;0;10;0;0;0;0;0;0;0;0;0;0;0;0;0;0;0;0;0;0;0;10
sep_2018;non_flowing;S1;macrophyte;0;0;0;0;0;0;0;0;0;0;0;0;0;0;0;0;0;0;0;0;0;0;0;0;0;0;0;0;0;0;0;0;0;0;0;0;20;0;0;20;0;0;0;0;0;0;0;0;0;0
sep_2018;non_flowing;S1;sediment;11.11;0;0;0;11.11;0;88.89;0;0;0;11.11;0;0;0;0;0;0;0;55.56;0;0;0;0;0;0;0;33.33;0;0;11.11;0;0;0;0;0;0;0;0;0;0;0;0;0;0;0;0;0;0;0;0
sep_2018;non_flowing;S1;sediment;11.11;0;0;0;0;0;0;0;0;0;0;0;0;0;0;0;0;0;0;0;0;0;0;0;0;0;0;0;0;0;0;0;0;0;0;0;0;0;0;0;0;0;0;0;0;0;0;0;0;0
sep_2018;non_flowing;S1;sediment;100;0;0;0;22.22;288.89;533.33;0;0;0;22.22;0;0;0;0;0;0;22.22;66.67;0;0;0;0;0;0;0;0;0;0;0;0;0;0;0;0;0;0;0;0;0;0;0;0;0;0;0;0;0;0;0
sep_2018;non_flowing;S1;algae;0;0;0;0;0;0;0;0;0;0;290;0;0;0;0;0;0;60;120;0;0;10;0;0;0;10;40;0;0;0;0;0;70;0;0;0;0;0;0;20;0;0;0;0;0;0;0;0;0;0
sep_2018;non_flowing;S1;algae;0;0;0;0;10;10;10;10;0;0;80;0;0;0;0;0;0;0;10;0;0;0;0;0;0;0;0;0;0;0;0;0;30;0;0;0;10;0;10;0;0;0;0;0;0;0;0;0;0;0
sep_2018;non_flowing;S1;algae;10;0;0;0;0;0;0;0;0;0;70;0;0;0;0;0;0;10;90;0;0;0;0;0;0;90;60;0;0;0;10;10;40;0;10;0;0;0;20;10;0;0;0;0;0;0;0;0;0;0
sep_2018;non_flowing;S1;algae;370;0;0;0;310;790;40;150;0;0;110;0;0;0;0;0;0;0;160;0;0;0;0;0;0;0;0;0;20;0;10;0;0;0;0;0;0;0;0;0;0;0;0;0;0;0;0;0;0;40
sep_2018;non_flowing;S1;macrophyte;40;0;20;240;90;0;30;60;20;0;190;0;0;0;0;0;0;0;60;0;0;0;0;0;0;0;0;0;0;0;0;0;0;0;0;10;0;0;0;0;0;0;0;0;0;0;0;0;0;10
sep_2018;non_flowing;S1;macrophyte;0;0;0;40;230;10;60;90;10;0;50;0;0;0;0;0;0;0;0;0;0;0;0;0;0;10;0;0;0;10;0;20;0;0;0;0;30;0;0;0;0;0;0;0;0;0;0;0;0;10
sep_2018;non_flowing;S1;macrophyte;0;10;0;10;50;20;0;30;0;0;270;0;0;0;0;0;0;0;20;0;0;0;0;0;0;20;0;0;10;10;0;0;0;0;0;0;0;0;0;0;0;0;0;0;0;0;0;0;0;0
sep_2018;non_flowing;S1;sediment;0;0;0;0;0;0;0;0;0;0;0;11.11;0;0;0;0;0;0;0;0;0;0;0;0;0;0;0;0;0;0;0;0;0;0;0;0;0;0;0;0;0;0;0;0;0;0;0;0;0;0
sep_2018;non_flowing;S1;sediment;0;0;0;0;11.11;11.11;0;0;11.11;0;11.11;0;0;0;0;0;0;0;0;0;0;0;0;0;0;0;0;0;0;0;0;0;0;0;0;0;0;0;22.22;0;0;0;0;0;0;0;0;0;0;0
sep_2018;non_flowing;S1;sediment;33.33;0;0;0;0;166.67;0;0;0;0;0;0;0;0;0;0;0;0;0;0;0;0;0;0;0;11.11;0;0;0;0;0;0;0;0;0;0;0;0;0;0;0;0;0;0;0;0;0;0;0;0
sep_2018;non_flowing;S1;algae;10;0;0;10;30;10;0;0;0;0;340;10;0;0;0;0;0;0;20;0;0;30;0;0;0;0;0;0;0;0;0;0;0;0;0;0;0;0;0;0;0;0;0;0;0;0;0;0;0;0
sep_2018;non_flowing;S1;algae;0;0;0;0;0;10;0;0;0;0;710;0;0;0;0;0;0;0;20;0;0;10;0;0;0;0;0;0;0;0;0;0;0;0;0;0;0;0;0;10;0;0;0;0;0;0;0;0;0;0
sep_2018;non_flowing;S1;algae;130;0;0;10;560;160;60;20;0;0;1570;0;0;0;0;0;0;0;90;0;0;0;0;0;0;0;0;0;10;0;40;0;0;20;0;0;0;0;0;40;0;0;0;0;0;0;0;10;0;0
sep_2018;non_flowing;S1;sediment;0;0;0;0;0;11.11;0;0;0;0;11.11;0;0;0;0;0;0;0;0;0;0;11.11;0;0;0;0;0;0;0;0;0;0;0;0;0;0;0;0;0;11.11;0;0;0;0;0;0;0;0;0;0
sep_2018;non_flowing;S1;sediment;0;0;0;0;0;0;0;0;0;0;155.56;0;0;0;0;0;0;0;11.11;0;0;0;0;0;0;0;0;0;0;0;0;0;0;0;0;0;0;0;11.11;0;0;0;0;0;0;0;0;0;0;0
sep_2018;non_flowing;S1;sediment;0;0;0;0;0;0;0;0;0;0;88.89;0;0;0;0;0;0;0;0;0;0;0;0;0;0;11.11;0;0;0;0;0;0;0;0;0;0;0;0;0;0;0;0;0;0;0;0;0;0;0;0
sep_2018;non_flowing;S2;algae;0;0;0;0;40;60;50;0;0;0;0;0;0;0;0;0;0;0;0;0;0;0;0;0;0;10;0;0;0;0;0;0;0;0;0;0;0;0;0;0;0;0;0;0;0;0;0;0;10;0
sep_2018;non_flowing;S2;algae;30;0;0;0;60;140;0;0;0;0;320;0;0;0;0;0;0;20;640;0;0;0;0;0;0;40;10;0;0;0;0;0;0;0;0;0;0;0;0;20;0;0;0;0;0;0;0;80;50;10
sep_2018;non_flowing;S2;sediment;0;0;0;0;11.11;44.44;22.22;0;0;0;0;0;0;0;0;0;0;0;11.11;0;0;0;0;0;0;0;0;0;0;0;0;0;0;0;0;0;0;0;0;0;0;0;0;0;0;0;0;0;0;0
sep_2018;non_flowing;S2;sediment;0;0;0;0;0;11.11;0;0;0;0;55.56;0;0;0;0;0;0;0;11.11;0;0;0;0;0;0;0;0;0;0;0;0;0;0;0;0;0;0;0;0;0;0;0;0;0;0;0;0;0;0;0
sep_2018;non_flowing;S2;sediment;0;0;0;0;0;0;0;0;0;0;44.44;0;0;0;0;0;0;0;0;0;0;0;0;0;0;0;0;0;0;0;0;0;0;0;0;0;0;0;11.11;0;0;0;0;0;0;0;0;0;0;0
sep_2018;non_flowing;S2;algae;0;0;0;0;20;20;10;0;0;0;130;0;0;0;0;0;0;0;340;0;0;0;0;0;0;10;0;0;0;0;0;0;0;0;0;0;0;0;0;0;0;0;0;0;0;0;0;50;0;60
sep_2018;non_flowing;S2;sediment;11.11;0;0;0;0;188.89;111.11;0;0;0;0;0;0;0;0;0;0;0;322.22;0;0;0;0;0;0;0;0;0;0;0;0;0;0;0;0;0;0;0;11.11;0;0;0;0;0;0;0;0;33.33;0;0
sep_2018;non_flowing;S2;sediment;0;0;0;0;0;33.33;55.56;0;22.22;0;55.56;0;0;0;0;0;0;0;55.56;0;0;11.11;0;0;0;0;0;0;0;0;0;0;0;0;0;0;0;0;11.11;0;0;0;0;0;0;0;0;22.22;0;0
sep_2018;non_flowing;S2;sediment;11.11;0;0;0;0;277.78;11.11;0;0;0;33.33;0;0;0;0;0;0;33.33;333.33;0;11.11;0;0;0;0;0;44.44;0;0;0;0;0;0;0;0;0;0;0;0;0;0;0;0;0;0;0;0;0;0;0
sep_2018;non_flowing;S2;sediment;11.11;0;0;0;0;88.89;88.89;0;0;0;11.11;0;0;0;0;0;0;0;0;0;0;0;0;0;0;0;11.11;0;0;0;11.11;0;0;0;0;0;0;0;88.89;0;0;0;0;0;0;0;0;0;0;0
sep_2018;non_flowing;S2;sediment;0;0;0;0;0;22.22;22.22;11.11;0;0;0;0;0;0;0;0;0;0;0;0;0;0;0;0;0;0;11.11;0;0;0;0;0;0;0;0;0;0;0;122.22;0;0;0;0;0;0;0;0;0;0;0
sep_2018;non_flowing;S2;sediment;0;0;0;0;0;366.67;0;0;0;0;0;0;0;0;0;0;0;0;11.11;0;0;0;0;0;0;0;0;0;0;0;0;0;0;0;0;0;0;0;0;0;0;0;0;0;0;0;0;0;0;0
sep_2018;non_flowing;S2;algae;70;0;0;0;80;240;70;0;0;0;170;0;0;0;0;20;0;0;40;0;0;0;0;0;0;30;10;0;0;10;40;20;0;0;0;0;10;0;10;70;0;0;0;0;0;0;0;0;0;0
sep_2018;non_flowing;S2;algae;100;0;0;0;50;90;20;30;0;0;370;0;0;0;0;10;0;0;150;0;0;0;0;0;0;80;30;10;0;0;10;0;20;0;0;0;0;0;0;40;0;0;0;0;0;0;0;0;0;0
sep_2018;non_flowing;S2;sediment;0;0;0;0;0;22.22;11.11;0;0;0;233.33;0;0;0;0;0;0;0;244.44;0;0;0;0;0;0;0;11.11;0;0;0;0;0;0;0;0;0;0;0;133.33;22.22;0;0;0;0;0;0;0;0;0;0
sep_2018;non_flowing;S2;sediment;11.11;0;0;0;0;0;0;0;0;0;511.11;0;0;0;0;0;0;0;22.22;0;0;0;0;0;0;0;0;0;0;0;0;0;0;0;0;0;0;0;0;33.33;0;0;0;0;0;0;0;0;0;0
sep_2018;non_flowing;S2;sediment;0;0;0;0;0;11.11;0;0;0;0;166.67;0;0;0;0;0;0;0;155.56;0;0;0;0;0;0;0;0;0;0;0;0;0;0;0;0;0;0;0;0;0;0;0;0;0;0;0;0;0;0;0
sep_2018;non_flowing;S2;algae;20;0;0;20;0;20;0;50;0;0;50;0;0;0;0;0;0;0;0;0;0;0;0;0;0;50;0;0;0;0;20;0;0;0;0;0;0;0;10;10;0;0;0;0;0;0;0;0;0;30
sep_2018;non_flowing;S2;sediment;0;0;0;0;0;0;0;0;0;0;44.44;0;0;0;0;0;0;0;22.22;0;0;0;0;0;0;0;11.11;0;0;0;0;0;0;0;0;0;0;0;22.22;0;0;0;0;0;0;0;0;0;0;0
sep_2018;non_flowing;S2;sediment;0;0;0;0;0;0;33.33;11.11;0;0;800;0;0;0;0;0;0;0;166.67;0;0;0;0;0;0;0;0;0;0;0;44.44;0;0;0;0;0;0;0;22.22;11.11;0;0;0;0;0;0;0;22.22;0;0
sep_2018;non_flowing;S2;sediment;0;0;0;0;0;11.11;55.56;0;0;0;111.11;0;0;0;0;0;0;22.22;22.22;0;0;0;0;0;0;11.11;11.11;0;0;0;22.22;0;0;0;0;0;0;0;0;0;0;0;0;0;0;0;0;0;0;0
sep_2018;non_flowing;S2;algae;10;0;0;0;50;120;40;510;0;0;540;0;0;0;0;0;0;0;0;0;0;0;0;0;0;150;0;0;0;0;20;0;0;0;0;0;0;0;0;0;0;0;0;0;0;0;0;10;0;0
sep_2018;non_flowing;S2;algae;10;0;0;0;30;60;100;0;20;0;120;0;0;0;0;10;0;0;30;0;0;0;0;0;0;130;50;0;0;0;80;0;0;0;0;0;0;0;10;20;0;0;0;0;0;0;0;0;0;0
sep_2018;non_flowing;S3;algae;110;0;0;0;0;1360;4060;0;0;0;70;0;0;0;0;0;0;0;10;0;0;0;0;0;0;0;0;0;0;0;0;0;0;0;0;0;0;0;30;20;0;0;0;0;0;0;0;0;0;0
sep_2018;non_flowing;S3;algae;0;0;0;0;0;1040;1050;0;0;0;60;0;0;0;0;0;0;160;0;0;0;0;0;0;0;0;3010;0;0;0;0;0;0;0;0;0;0;0;170;60;0;0;0;0;0;0;0;0;0;0
sep_2018;non_flowing;S3;algae;0;0;0;0;0;180;30;0;0;0;30;0;0;0;0;0;0;40;0;0;0;0;0;0;0;0;0;0;0;0;0;0;0;0;0;0;0;0;30;0;0;0;0;0;0;0;0;0;0;0
sep_2018;non_flowing;S3;sediment;133.33;0;0;0;0;88.89;1322.22;0;0;0;44.44;0;0;0;0;0;0;0;0;0;0;0;0;0;0;0;322.22;0;0;0;0;0;0;0;0;0;0;0;11.11;22.22;0;0;0;0;0;0;0;0;0;0
sep_2018;non_flowing;S3;sediment;0;0;0;0;0;0;22.22;0;11.11;0;11.11;0;0;0;0;0;0;0;0;0;0;0;0;0;0;0;0;0;0;0;0;0;0;0;0;0;0;0;0;0;0;0;0;0;0;0;0;0;0;0
sep_2018;non_flowing;S3;sediment;0;0;0;0;0;0;0;0;0;0;0;0;0;0;0;0;0;0;0;0;0;0;0;0;0;0;11.11;0;0;0;0;0;0;0;0;0;0;0;0;0;0;0;0;0;0;0;0;0;0;0
sep_2018;non_flowing;S3;algae;10;0;0;0;0;30;0;0;0;0;240;0;0;0;0;0;0;0;0;0;0;0;0;0;0;0;0;0;0;0;10;0;0;0;0;0;10;0;0;20;0;0;0;0;0;0;0;20;0;10
sep_2018;non_flowing;S3;algae;0;0;0;0;150;50;0;0;0;0;160;0;0;0;0;0;0;0;10;0;0;0;0;0;0;10;40;0;0;10;120;30;10;0;0;0;0;0;0;0;0;0;0;0;0;0;0;0;0;30
sep_2018;non_flowing;S3;algae;0;0;0;0;0;30;0;0;0;0;10;0;0;0;0;0;0;0;0;0;0;0;0;0;0;0;50;0;0;0;0;0;0;0;0;0;0;0;0;0;0;0;0;0;0;0;0;0;0;0
sep_2018;non_flowing;S3;algae;0;0;0;0;0;0;0;0;0;0;10;0;0;0;0;0;0;0;0;0;0;0;0;0;0;0;0;0;0;0;0;0;0;0;0;0;0;0;0;0;0;0;0;0;0;0;0;0;0;0
sep_2018;non_flowing;S3;sediment;0;0;0;0;0;11.11;0;0;0;0;11.11;0;0;0;0;0;0;0;0;0;0;0;0;0;0;0;0;0;0;0;0;0;0;0;0;0;0;0;0;0;0;0;0;0;0;0;0;0;0;0
sep_2018;non_flowing;S3;sediment;0;0;0;0;0;0;0;0;0;0;11.11;0;0;0;0;0;0;0;0;0;0;0;0;0;0;0;0;0;0;0;0;0;0;0;0;0;0;0;0;0;0;0;0;0;0;0;0;0;0;0
sep_2018;non_flowing;S3;sediment;0;0;0;0;0;0;0;0;11.11;0;322.22;0;0;0;0;0;0;0;66.67;0;0;0;0;0;0;0;0;0;0;0;0;0;0;0;0;0;0;0;0;0;0;0;0;0;0;0;0;0;0;0
sep_2018;non_flowing;S3;sediment;0;0;0;0;0;0;0;0;0;0;0;0;0;0;0;0;0;0;0;0;0;0;0;0;0;0;1177.78;0;0;0;0;0;0;0;0;0;0;0;0;0;0;0;0;0;0;0;0;0;0;0
sep_2018;non_flowing;S3;algae;410;0;0;0;30;160;30;0;0;0;0;0;0;0;0;0;0;0;0;0;0;0;0;0;0;50;380;0;10;0;20;0;800;0;0;0;0;0;10;80;0;0;0;0;0;0;0;0;0;0
sep_2018;non_flowing;S3;algae;50;0;0;0;80;440;60;0;0;0;30;0;0;0;0;20;0;30;20;0;0;0;0;0;0;10;570;0;0;10;0;0;50;0;0;0;0;0;0;30;0;0;0;0;0;0;0;0;0;0
sep_2018;non_flowing;S3;algae;0;0;0;0;0;0;0;0;0;0;0;0;0;0;0;0;0;0;0;0;0;0;0;0;0;20;0;0;0;0;10;0;0;0;0;0;0;0;0;0;0;0;0;0;0;0;0;0;0;0
sep_2018;non_flowing;S3;sediment;0;0;0;0;0;33.33;388.89;0;0;0;0;0;0;0;0;0;0;0;11.11;0;0;0;0;0;0;11.11;266.67;0;0;0;0;0;0;0;0;0;0;0;0;0;0;0;0;0;0;0;0;0;0;0
sep_2018;non_flowing;S3;sediment;0;0;0;0;0;11.11;0;0;0;0;0;0;0;0;0;0;0;0;0;0;0;0;0;0;0;0;11.11;0;0;0;0;0;0;0;0;0;0;0;0;0;0;0;0;0;0;0;0;0;0;0
sep_2018;non_flowing;S3;sediment;0;0;0;0;0;0;11.11;0;0;11.11;22.22;0;0;0;0;0;0;0;0;0;0;0;0;0;0;0;0;0;0;0;0;0;0;0;0;0;0;0;0;0;0;0;0;0;0;0;0;0;0;0
sep_2018;non_flowing;S3;sediment;0;0;0;0;0;22.22;33.33;0;0;0;0;0;0;0;0;0;0;11.11;11.11;0;0;0;0;0;0;0;0;0;0;0;0;0;0;0;0;0;0;0;22.22;0;0;0;0;0;0;0;0;11.11;0;0
sep_2018;non_flowing;S3;sediment;0;0;0;11.11;0;0;0;0;0;0;0;0;0;0;0;0;0;0;0;0;0;0;0;0;0;0;0;0;0;0;0;0;0;0;0;0;0;0;0;0;0;0;0;0;0;0;0;0;0;0
sep_2018;non_flowing;S3;sediment;0;0;0;0;0;0;133.33;0;0;0;0;0;0;0;0;0;0;0;0;0;0;0;0;0;0;0;0;0;0;0;0;0;0;0;0;0;0;0;0;0;0;0;0;0;0;0;0;0;0;0
sep_2018;non_flowing;S3;algae;60;0;0;0;10;50;190;10;0;0;0;0;0;0;0;0;0;0;0;0;0;0;0;0;0;0;0;0;0;0;20;0;0;0;0;0;0;0;0;0;0;0;0;0;0;0;0;0;0;0
sep_2018;non_flowing;S3;algae;410;0;0;0;80;780;140;10;0;0;400;0;0;0;0;0;0;0;320;0;0;50;0;0;0;20;400;0;0;0;20;10;120;0;0;0;0;0;30;110;0;0;0;0;0;0;0;0;0;0
sep_2018;non_flowing;S3;sediment;0;0;0;0;0;355.56;44.44;0;0;0;22.22;0;0;0;0;0;0;66.67;100;0;0;0;0;0;0;0;66.67;0;0;0;0;0;0;0;0;0;0;0;0;22.22;0;0;0;0;0;0;0;11.11;0;0
sep_2018;non_flowing;S3;sediment;0;0;0;0;0;200;55.56;0;0;0;0;0;0;0;0;0;0;0;0;0;0;0;0;0;0;0;22.22;0;0;0;0;0;0;0;0;0;0;0;0;0;0;0;0;0;0;0;0;0;0;0
sep_2018;non_flowing;S5;macrophyte;0;0;0;0;0;0;0;0;0;0;270;0;0;0;0;0;0;0;0;0;0;0;0;0;0;0;0;0;0;0;0;0;0;0;0;0;0;0;0;0;0;0;0;0;0;0;0;0;0;0
sep_2018;non_flowing;S5;macrophyte;0;0;0;0;0;50;0;0;20;0;600;0;0;0;0;0;0;0;0;0;0;0;0;0;0;0;0;0;0;0;0;0;0;0;0;0;0;0;0;0;10;0;0;0;0;0;0;0;0;10
sep_2018;non_flowing;S5;macrophyte;0;0;0;0;0;0;0;0;0;0;20;0;0;0;0;0;0;0;10;0;0;0;0;0;0;0;0;0;0;0;0;0;0;0;10;0;0;0;10;40;0;0;0;10;0;0;0;0;0;0
sep_2018;non_flowing;S5;macrophyte;0;0;0;0;0;0;0;0;0;0;130;0;0;0;0;0;0;0;0;0;0;0;0;0;0;0;0;0;0;0;0;0;0;0;0;0;0;0;0;0;0;0;0;0;0;0;0;0;0;0
sep_2018;non_flowing;S5;algae;0;0;0;0;0;70;0;0;10;10;50;20;0;0;10;40;0;10;0;0;0;0;0;0;0;0;180;0;0;0;10;0;190;0;0;0;0;0;20;10;0;0;0;0;0;0;0;10;0;0
sep_2018;non_flowing;S5;algae;0;0;0;0;0;150;0;0;0;0;10;0;0;0;0;0;0;20;30;0;0;0;0;0;0;0;60;0;0;0;0;0;330;0;0;0;0;0;0;10;10;0;0;0;0;0;0;0;0;0
sep_2018;non_flowing;S5;sediment;0;0;0;0;0;33.33;0;0;0;0;0;0;0;0;0;0;0;0;11.11;0;0;0;0;0;0;0;0;0;0;0;0;0;0;0;0;0;0;0;22.22;0;0;0;0;0;0;0;0;0;0;0
sep_2018;non_flowing;S5;macrophyte;0;0;0;0;0;0;0;0;0;0;0;0;0;0;0;0;0;0;0;0;0;10;0;0;0;0;0;0;0;0;0;0;0;0;0;0;0;0;0;0;0;0;0;0;0;0;0;0;0;0
sep_2018;non_flowing;S5;sediment;0;0;0;0;0;22.22;0;0;0;0;66.67;0;0;0;0;0;0;0;0;0;0;0;0;0;0;0;0;0;0;0;0;0;0;0;0;0;0;0;22.22;11.11;0;0;0;0;0;0;0;11.11;0;0
sep_2018;non_flowing;S5;sediment;0;0;0;0;0;66.67;0;0;0;0;0;0;0;0;0;0;0;0;0;0;0;0;0;0;0;0;0;0;0;0;0;0;0;0;0;0;0;0;0;0;0;0;0;0;0;0;0;0;0;0
sep_2018;non_flowing;S5;sediment;0;0;0;0;0;77.78;0;0;0;0;122.22;0;0;0;0;0;0;144.44;200;0;0;0;0;0;0;0;22.22;0;0;0;0;0;0;0;0;0;0;0;11.11;0;0;0;0;0;0;0;0;0;0;0
sep_2018;non_flowing;S5;algae;0;0;0;0;0;0;0;0;0;0;0;0;0;0;0;0;0;0;50;0;0;0;0;0;0;0;20;0;0;10;0;0;0;0;0;0;0;0;0;0;0;0;0;0;0;0;0;0;0;0
sep_2018;non_flowing;S5;algae;0;0;0;0;0;0;0;0;0;0;20;0;0;0;0;0;0;0;70;0;0;10;0;0;0;0;0;0;0;0;0;0;0;0;0;0;0;0;0;0;0;0;0;0;0;0;0;0;0;0
sep_2018;non_flowing;S5;algae;0;0;0;0;0;60;0;0;0;0;0;0;0;0;0;0;0;0;0;0;0;0;0;0;0;0;0;0;0;0;0;0;0;0;0;0;0;0;0;20;0;0;0;0;0;0;0;0;0;0
sep_2018;non_flowing;S5;macrophyte;0;0;0;0;0;0;0;0;0;0;10;0;0;0;0;0;0;0;0;0;0;0;0;0;0;0;0;0;0;0;0;0;0;0;0;0;0;0;0;0;0;0;0;0;0;0;0;0;0;0
sep_2018;non_flowing;S5;sediment;0;0;0;0;0;77.78;0;0;0;0;122.22;0;0;0;0;0;0;0;200;0;0;0;0;0;0;0;0;0;0;0;0;0;0;0;0;0;0;0;0;0;0;0;0;0;0;0;0;0;0;0
sep_2018;non_flowing;S5;sediment;0;0;0;0;0;44.44;0;0;0;0;266.67;0;0;0;0;0;0;0;233.33;0;0;0;0;0;0;0;0;0;0;0;0;0;0;0;0;0;0;0;0;11.11;0;0;0;0;0;0;0;0;0;0
sep_2018;non_flowing;S5;sediment;0;0;0;0;0;111.11;0;0;11.11;0;77.78;0;0;0;0;0;0;0;911.11;0;0;0;0;0;0;0;0;0;0;0;0;0;0;0;0;0;0;0;44.44;22.22;0;0;0;0;0;0;0;33.33;0;0
sep_2018;non_flowing;S5;algae;0;0;0;0;0;50;10;0;0;0;0;0;0;0;0;0;0;0;40;0;0;0;0;0;0;0;330;0;0;0;0;0;60;0;0;0;0;0;0;0;0;0;0;0;0;0;0;0;0;0
sep_2018;non_flowing;S5;algae;0;0;0;0;0;70;0;0;0;0;70;0;0;0;0;0;0;0;0;0;0;0;0;0;0;10;220;0;0;10;0;0;30;0;0;0;0;0;0;10;0;0;0;0;0;0;0;0;0;0
sep_2018;non_flowing;S5;macrophyte;0;0;0;0;0;20;0;0;0;0;0;0;0;0;0;0;0;0;0;0;0;0;0;0;0;0;0;0;0;0;0;0;0;0;0;0;0;0;0;0;0;0;0;0;0;0;0;0;0;0
sep_2018;non_flowing;S5;macrophyte;0;0;0;0;0;10;0;0;0;0;0;0;0;0;0;0;0;0;0;0;0;0;0;0;0;0;0;0;0;0;0;0;0;0;0;0;0;0;0;0;0;0;0;0;0;0;0;0;0;0
sep_2018;non_flowing;S5;macrophyte;0;0;0;0;0;30;0;0;10;0;510;0;0;0;0;0;0;0;10;0;0;0;0;0;0;0;20;0;0;0;0;0;0;0;0;0;0;0;10;0;0;0;10;0;0;0;0;0;0;10
sep_2018;non_flowing;S5;sediment;0;0;0;0;0;55.56;0;0;0;0;33.33;0;0;0;0;0;0;0;0;0;0;0;0;0;0;0;0;0;0;0;0;0;22.22;0;0;0;0;0;0;0;0;0;0;0;0;0;0;0;0;0
sep_2018;non_flowing;S5;sediment;0;0;0;0;0;44.44;0;0;0;0;233.33;0;0;0;0;0;0;0;22.22;0;0;0;0;0;0;0;0;0;0;0;0;0;0;0;0;0;0;0;11.11;0;0;0;0;0;0;0;0;0;0;0
sep_2018;non_flowing;S5;sediment;0;0;0;0;0;11.11;0;0;11.11;0;0;0;0;0;0;0;0;0;0;0;0;0;0;0;0;0;0;0;0;0;0;0;0;0;0;0;0;0;0;0;0;0;0;0;0;0;0;0;0;0
sep_2018;non_flowing;S5;algae;60;0;0;0;0;70;30;0;0;0;170;110;0;0;0;0;0;10;0;0;0;0;0;0;0;10;80;0;10;110;10;0;80;0;0;0;0;0;0;170;0;0;0;0;0;0;0;0;0;0
sep_2018;non_flowing;S5;algae;0;0;0;0;0;10;10;0;0;10;40;0;0;0;0;20;0;0;0;0;0;0;0;0;0;10;50;0;0;0;0;0;20;0;0;0;0;0;0;0;0;0;0;0;0;0;0;0;0;0
sep_2018;non_flowing;S5;macrophyte;0;0;0;0;0;0;0;0;0;0;120;0;0;0;0;0;0;10;20;0;0;0;0;0;0;0;0;0;0;0;0;0;0;0;0;0;0;0;0;0;0;0;0;0;0;0;0;0;0;0
sep_2018;non_flowing;S5;macrophyte;0;0;0;0;0;0;0;0;0;0;50;0;0;0;0;0;0;0;0;0;0;0;0;0;0;0;30;0;0;20;0;0;0;0;0;0;0;0;0;0;0;0;0;0;0;0;0;0;0;0
sep_2018;non_flowing;S5;macrophyte;0;0;0;0;0;0;0;0;0;0;10;0;0;0;0;0;0;0;0;0;0;0;0;0;0;0;0;0;0;0;0;0;0;0;0;0;0;0;0;0;0;0;0;0;0;0;0;0;0;0
sep_2018;non_flowing;S5;sediment;0;0;0;0;0;55.56;0;0;0;0;100;0;0;0;0;0;0;0;11.11;0;0;0;0;0;0;0;0;0;0;0;0;0;11.11;0;0;0;0;0;22.22;11.11;0;0;0;0;11.11;0;0;0;0;0
sep_2018;non_flowing;S5;sediment;0;0;0;0;0;0;0;0;11.11;0;22.22;0;0;0;0;0;0;0;11.11;0;0;0;0;0;0;0;0;0;0;0;0;0;0;0;0;0;0;0;11.11;0;0;0;0;0;0;0;0;0;0;0
sep_2018;non_flowing;S6;algae;80;0;0;0;0;650;330;0;150;0;20;0;0;0;0;0;0;10;20;0;0;0;0;0;0;0;60;0;0;0;0;0;10;0;0;0;0;0;0;10;0;0;0;0;0;0;0;0;0;0
sep_2018;non_flowing;S6;algae;120;0;0;0;10;630;60;0;10;0;40;0;0;0;0;0;0;0;0;0;0;0;0;0;0;0;40;0;0;0;0;0;30;0;0;0;0;0;0;10;0;0;0;0;0;0;0;0;0;0
sep_2018;non_flowing;S6;sediment;22.22;0;0;0;0;700;211.11;0;0;0;0;0;0;0;0;0;0;0;0;0;0;0;0;0;0;0;0;0;0;0;0;0;0;0;0;0;0;0;0;0;0;0;0;0;0;0;0;0;0;0
sep_2018;non_flowing;S6;sediment;0;0;0;0;0;188.89;11.11;0;0;0;0;0;0;0;0;0;0;0;0;0;0;0;0;0;0;0;0;0;0;0;0;0;0;0;0;0;0;0;0;0;0;0;0;0;0;0;0;0;0;0
sep_2018;non_flowing;S6;sediment;0;0;0;0;0;311.11;0;0;0;0;0;0;0;0;0;0;0;0;0;0;0;0;0;0;0;0;0;0;0;0;0;0;0;0;0;0;0;0;0;0;0;0;0;0;0;0;0;0;0;0
sep_2018;non_flowing;S6;algae;10;0;0;0;0;200;40;0;0;0;0;60;0;0;0;0;0;20;0;0;0;0;0;0;0;0;0;0;10;0;0;10;60;0;0;0;0;0;0;10;0;0;0;0;0;0;0;0;0;0
sep_2018;non_flowing;S6;algae;0;0;0;0;0;0;0;0;0;0;0;0;0;0;0;0;0;40;10;0;0;0;0;0;0;0;0;0;0;0;0;0;0;0;0;0;0;0;0;0;0;0;0;0;0;0;0;0;0;0
sep_2018;non_flowing;S6;algae;30;0;0;0;0;380;70;0;0;0;10;0;0;0;0;0;0;0;0;0;0;0;0;0;0;0;0;0;0;0;0;0;0;0;0;0;0;0;0;0;0;0;0;0;0;0;0;0;0;0
sep_2018;non_flowing;S6;algae;60;0;0;0;0;2230;480;0;0;0;0;0;0;0;0;0;0;10;30;0;0;0;0;0;0;0;10;0;0;0;0;0;0;0;0;0;0;0;0;0;0;0;0;0;0;0;0;0;0;0
sep_2018;non_flowing;S6;algae;0;0;0;0;20;2290;180;0;0;0;20;0;0;0;0;0;0;10;40;0;0;0;0;0;0;0;10;0;0;0;0;0;0;0;0;0;0;0;10;50;0;0;0;0;0;0;0;0;0;0
sep_2018;non_flowing;S6;sediment;0;0;0;0;0;6111.11;11.11;0;0;0;55.56;0;0;0;0;0;0;0;0;0;0;0;0;0;0;0;0;0;0;0;0;0;0;0;0;0;0;0;0;22.22;0;0;0;0;0;0;0;0;0;0
sep_2018;non_flowing;S6;sediment;0;0;0;0;0;733.33;0;0;0;0;0;0;0;0;0;0;0;0;0;0;0;0;0;0;0;0;33.33;0;0;0;0;0;0;0;0;0;0;0;11.11;0;0;0;0;0;0;0;0;0;0;0
sep_2018;non_flowing;S6;algae;0;0;0;0;0;530;50;0;0;0;0;0;0;0;0;0;0;30;140;0;0;0;0;0;0;0;1250;0;0;0;0;0;0;0;0;0;0;0;20;20;0;0;0;0;0;0;0;0;0;0
sep_2018;non_flowing;S6;algae;0;0;0;0;0;970;40;0;0;0;20;0;0;0;0;0;0;0;30;0;0;0;0;0;0;0;1280;0;0;0;0;0;110;0;0;0;0;0;20;0;0;0;0;0;0;0;0;0;0;0
sep_2018;non_flowing;S6;algae;0;0;0;0;0;0;0;0;0;0;10;0;0;0;0;0;0;20;0;0;0;0;0;0;0;0;1430;0;0;0;0;0;0;0;0;0;0;0;0;0;0;0;0;0;0;0;0;0;0;0
sep_2018;non_flowing;S6;sediment;0;0;0;0;0;77.78;44.44;0;0;0;0;0;0;0;0;0;0;0;0;0;0;0;0;0;0;0;155.56;0;0;0;0;0;0;0;0;0;0;0;0;0;0;0;0;0;0;0;0;0;0;0
sep_2018;non_flowing;S6;sediment;0;0;0;0;0;144.44;0;0;0;0;0;0;0;0;0;0;0;0;0;0;0;0;0;0;0;0;33.33;0;0;0;0;0;0;0;0;0;0;0;0;0;0;0;0;0;0;0;0;0;0;0
sep_2018;non_flowing;S6;sediment;0;0;0;0;0;444.44;22.22;0;100;0;11.11;0;0;0;0;0;0;0;0;0;0;0;0;0;0;0;44.44;0;0;0;0;0;0;0;0;0;0;0;0;0;0;0;0;0;0;0;0;0;0;0
sep_2018;non_flowing;S6;algae;0;0;0;0;0;120;0;0;0;0;10;0;0;0;0;0;0;0;0;0;0;10;0;0;0;0;50;0;0;0;0;0;10;0;0;0;0;0;0;10;0;0;0;0;0;0;0;0;0;0
sep_2018;non_flowing;S6;algae;0;0;0;0;0;400;60;0;0;0;30;0;0;0;0;0;0;0;20;0;0;0;0;0;0;0;0;0;0;0;0;0;0;0;0;0;0;0;0;0;0;0;0;0;0;0;0;0;0;0
sep_2018;non_flowing;S6;algae;0;0;0;0;0;730;50;0;0;0;0;0;0;0;0;0;0;0;10;0;0;0;0;0;0;0;110;0;0;0;0;0;0;0;0;0;0;0;70;10;0;0;0;0;0;0;0;0;0;0
sep_2018;non_flowing;S6;sediment;0;0;0;0;0;1211.11;44.44;0;0;0;88.89;0;0;0;0;0;0;0;244.44;0;0;0;0;0;0;0;1455.56;0;0;0;0;0;0;0;0;0;0;0;11.11;0;0;0;0;0;0;0;11.11;0;0;0
sep_2018;non_flowing;S6;sediment;0;0;0;0;0;66.67;0;0;0;0;0;0;0;0;0;0;0;0;11.11;0;0;0;0;0;0;0;0;0;0;0;0;0;0;0;0;0;0;0;0;0;0;0;0;0;0;0;0;0;0;0
sep_2018;non_flowing;S6;sediment;0;0;0;0;0;388.89;0;0;0;0;0;0;0;0;0;0;0;0;0;0;0;0;0;0;0;0;0;0;0;0;0;0;0;0;0;0;0;0;0;0;0;0;0;0;0;0;0;0;0;0
sep_2018;non_flowing;S6;sediment;0;0;0;0;0;66.67;0;0;0;0;0;0;0;0;0;0;0;0;0;0;0;0;0;0;0;0;0;0;0;0;0;0;0;0;0;0;0;0;0;0;0;0;0;0;0;0;0;0;0;0
sep_2018;non_flowing;S6;algae;0;0;0;0;0;1190;10;0;0;0;0;0;0;0;0;0;0;0;300;0;0;0;0;0;0;0;0;0;0;0;0;0;0;0;0;0;0;0;0;0;0;0;0;0;0;0;0;0;0;0
sep_2018;non_flowing;S6;algae;0;0;0;0;10;1250;40;0;10;0;20;0;0;0;0;0;0;0;50;0;0;0;0;0;0;0;0;0;0;0;0;0;0;0;0;0;0;0;0;0;0;0;0;0;0;0;0;0;0;0
sep_2018;non_flowing;S6;algae;10;0;0;0;0;650;40;0;0;0;10;0;0;0;0;0;0;0;50;0;0;0;0;0;0;0;30;0;0;0;0;0;0;0;0;0;0;0;0;0;0;0;0;0;0;0;0;0;0;0
sep_2018;non_flowing;S6;sediment;0;0;0;0;0;77.78;0;0;0;0;44.44;0;0;0;0;0;0;0;0;0;0;0;0;0;0;0;0;0;0;0;0;0;0;0;0;0;0;0;22.22;0;0;0;0;0;0;0;0;0;0;0
sep_2018;non_flowing;S6;sediment;0;0;0;0;0;11.11;0;0;0;0;44.44;0;0;0;0;0;0;0;0;0;0;0;0;0;0;0;0;0;0;0;0;0;0;0;0;0;0;0;22.22;0;0;0;0;0;0;0;0;0;0;0
sep_2018;non_flowing;S6;sediment;0;0;0;0;0;1522.22;11.11;0;0;0;0;0;0;0;0;0;0;0;0;0;0;0;0;0;0;0;22.22;0;0;0;0;0;0;0;0;0;0;0;22.22;0;0;0;0;0;0;0;0;0;0;0
sep_2018;non_flowing;S6;sediment;0;0;0;0;0;655.56;33.33;0;0;0;0;0;0;0;0;0;0;0;0;0;0;0;0;0;0;0;0;0;0;0;0;0;0;0;0;0;0;0;0;0;0;0;0;0;0;0;0;0;0;0
jun_2019;flowing;S1;macrophyte;0;0;0;0;0;0;10;0;0;0;40;0;0;0;0;0;0;0;0;0;0;0;0;0;0;10;0;0;0;0;0;0;0;0;0;0;0;0;0;0;0;0;0;0;0;0;0;0;0;0
jun_2019;flowing;S1;macrophyte;0;0;0;0;0;10;0;0;0;0;0;0;0;0;0;0;0;0;0;0;0;0;0;0;0;0;0;0;0;0;0;0;0;0;0;0;0;0;0;0;0;0;0;0;0;0;0;0;0;0
jun_2019;flowing;S1;sediment;0;0;0;0;0;0;0;0;0;0;11.11;0;0;0;0;0;0;0;0;0;0;0;0;0;0;0;0;0;0;0;0;0;0;0;0;0;0;0;22.22;0;0;0;0;0;0;0;0;0;0;0
jun_2019;flowing;S1;sediment;0;0;0;0;0;0;0;0;0;0;66.67;0;0;0;0;0;0;0;0;0;0;0;0;0;0;0;0;0;0;0;0;0;0;0;0;0;0;0;0;0;0;0;0;0;0;0;0;0;0;0
jun_2019;flowing;S1;sediment;0;0;0;0;0;11.11;0;0;0;0;0;0;0;0;0;0;0;0;0;0;0;0;0;0;0;0;0;0;0;0;0;0;0;0;0;0;0;0;0;0;0;0;0;0;0;0;0;0;0;0
jun_2019;flowing;S1;macrophyte;0;0;0;0;0;0;0;0;0;0;10;0;0;0;0;0;0;0;0;0;0;0;0;0;0;0;0;0;0;0;0;0;0;0;0;0;0;0;0;0;0;0;0;0;0;0;0;0;0;0
jun_2019;flowing;S1;macrophyte;0;0;0;0;0;0;0;0;0;0;20;0;10;0;0;0;0;0;70;0;0;0;0;0;0;0;0;0;0;0;0;0;0;0;0;0;0;0;10;10;0;0;0;0;0;0;0;0;0;0
jun_2019;flowing;S1;macrophyte;0;0;0;0;0;0;0;0;10;20;350;0;0;0;0;0;0;340;260;0;0;190;0;0;0;0;0;0;0;0;0;0;0;0;0;0;0;0;0;0;0;0;0;0;0;0;0;0;0;0
jun_2019;flowing;S1;sediment;0;0;0;0;0;0;0;0;0;0;22.22;0;0;0;0;0;0;0;0;0;0;0;0;0;0;0;0;0;0;0;0;0;0;0;0;0;0;0;0;0;0;0;0;0;0;0;0;0;0;0
jun_2019;flowing;S1;sediment;0;0;0;0;0;0;0;0;0;0;255.56;0;0;0;0;0;0;0;0;0;0;0;0;0;0;0;0;0;0;0;0;0;0;0;0;0;0;0;0;0;0;0;0;0;0;0;0;0;0;0
jun_2019;flowing;S1;sediment;0;0;0;0;0;22.22;0;0;0;0;155.56;0;0;0;0;0;0;22.22;166.67;0;0;0;0;0;0;0;0;0;0;0;0;0;0;0;0;0;0;0;0;0;0;0;0;0;0;0;0;0;0;0
jun_2019;flowing;S1;macrophyte;0;0;0;0;0;0;0;0;0;0;30;0;0;0;0;0;0;10;80;0;0;0;0;0;0;0;0;0;0;0;0;0;0;0;0;0;0;0;0;0;0;0;0;0;0;0;0;0;0;0
jun_2019;flowing;S1;macrophyte;0;0;0;0;0;10;0;0;0;0;40;0;0;0;0;0;0;20;60;0;0;0;0;0;0;20;0;0;10;0;0;0;0;0;0;0;10;0;0;0;0;0;0;0;0;0;0;0;0;0
jun_2019;flowing;S1;sediment;0;0;0;0;0;0;0;0;0;0;77.78;0;0;0;0;0;0;0;0;0;0;0;0;0;0;0;0;0;0;0;0;0;0;0;0;0;0;0;0;0;0;0;0;0;0;0;0;0;0;0
jun_2019;flowing;S1;sediment;0;0;0;0;0;11.11;0;0;0;0;33.33;0;0;0;0;0;0;0;11.11;0;0;11.11;0;0;0;0;0;0;0;0;0;0;0;0;0;0;0;0;0;0;0;0;0;0;0;0;0;0;0;0
jun_2019;flowing;S1;sediment;0;0;0;0;0;11.11;0;0;0;0;400;0;0;0;0;0;0;0;588.89;0;0;0;0;0;0;0;0;0;0;0;0;0;0;0;0;0;0;0;44.44;0;0;0;0;0;0;0;0;0;0;0
jun_2019;flowing;S1;algae;0;0;0;0;0;0;0;0;0;0;30;0;0;0;0;0;0;50;10;0;0;0;0;0;0;0;0;0;0;0;0;0;0;0;0;0;0;0;0;0;0;0;0;0;0;30;0;0;0;0
jun_2019;flowing;S1;macrophyte;0;0;0;0;0;0;0;0;0;0;60;0;0;0;0;0;0;160;50;0;0;60;0;0;0;0;0;0;0;0;0;0;0;0;0;0;40;0;0;0;0;0;0;0;0;0;0;0;0;0
jun_2019;flowing;S1;macrophyte;10;10;0;0;0;10;0;0;0;0;120;0;0;0;0;0;0;0;20;0;0;0;0;0;0;0;0;0;0;0;0;0;0;0;0;0;10;0;0;0;0;0;0;0;0;0;0;0;0;0
jun_2019;flowing;S1;macrophyte;0;0;0;0;0;0;0;0;0;0;340;0;0;0;0;0;0;0;0;0;0;0;0;0;0;0;0;0;0;0;0;0;0;0;0;0;0;0;0;0;0;0;0;0;0;0;0;0;0;0
jun_2019;flowing;S1;sediment;0;0;0;0;0;0;0;0;0;0;455.56;0;0;0;0;0;0;11.11;244.44;0;0;11.11;0;0;0;0;0;0;0;0;0;0;0;0;0;0;0;0;33.33;0;0;0;0;0;0;0;0;0;0;0
jun_2019;flowing;S1;sediment;0;0;0;0;0;0;0;0;11.11;0;788.89;0;0;0;0;0;0;11.11;77.78;0;0;44.44;0;0;0;0;0;0;0;0;0;0;0;0;0;0;0;0;33.33;11.11;0;0;0;0;0;0;0;0;0;0
jun_2019;flowing;S1;sediment;0;0;0;0;0;0;0;0;11.11;0;677.78;0;0;0;0;0;0;0;188.89;0;0;11.11;0;0;0;0;0;0;0;0;0;0;0;0;0;0;0;0;11.11;11.11;0;0;0;0;0;0;0;0;0;0
jun_2019;flowing;S2;sediment;0;0;0;0;0;0;0;0;0;0;66.67;0;0;0;0;0;0;33.33;33.33;0;0;0;0;0;0;0;0;0;0;0;0;0;0;0;0;0;0;0;11.11;0;0;0;0;0;0;0;0;0;0;0
jun_2019;flowing;S2;sediment;0;0;0;0;0;0;0;0;33.33;0;22.22;0;0;0;0;0;0;11.11;11.11;0;0;11.11;0;0;0;0;0;0;0;0;0;0;0;0;0;0;0;0;0;0;0;0;0;0;0;0;0;0;0;0
jun_2019;flowing;S2;sediment;0;0;0;0;0;0;0;0;11.11;0;0;0;0;0;0;0;0;0;0;0;0;0;0;0;0;0;0;0;0;0;0;0;0;0;0;0;0;0;0;0;0;0;0;0;0;0;0;0;0;0
jun_2019;flowing;S2;macrophyte;0;0;0;0;0;20;0;0;20;0;480;30;0;0;0;0;0;30;280;0;0;120;0;0;0;30;10;0;0;0;0;0;0;0;0;0;30;0;0;0;0;0;0;0;0;0;0;0;0;0
jun_2019;flowing;S2;macrophyte;0;0;0;0;0;0;0;0;0;0;20;0;0;0;0;0;0;0;0;0;0;0;0;0;0;0;0;0;0;0;0;0;0;0;0;0;0;0;0;0;0;0;0;0;0;0;0;0;0;0
jun_2019;flowing;S2;macrophyte;0;0;0;0;0;20;0;0;0;0;140;0;0;0;0;0;0;60;50;0;0;310;0;0;0;0;0;0;0;0;0;0;0;0;0;0;40;10;0;0;0;0;0;0;0;0;0;0;0;0
jun_2019;flowing;S2;algae;0;0;0;0;0;0;0;0;0;0;620;10;0;0;0;0;0;20;50;0;0;610;0;0;0;30;0;0;0;0;0;0;0;0;0;0;140;0;0;20;0;0;0;0;0;0;0;0;0;0
jun_2019;flowing;S2;algae;0;0;0;0;0;50;0;0;0;0;0;10;0;0;0;0;0;60;40;0;0;0;0;0;0;20;0;0;0;0;0;0;0;0;0;0;0;0;10;0;0;0;0;0;0;0;0;0;0;0
jun_2019;flowing;S2;algae;0;0;0;0;0;10;0;0;0;0;20;0;0;0;0;0;0;140;20;0;0;160;0;0;0;10;10;0;0;0;0;0;0;0;0;0;20;0;0;0;0;0;0;0;0;0;0;0;0;0
jun_2019;flowing;S2;sediment;0;0;0;0;0;22.22;0;0;0;0;22.22;0;0;0;0;0;0;0;0;0;0;0;0;0;0;0;0;0;0;0;0;0;0;0;0;0;0;0;33.33;0;0;0;0;0;0;0;0;0;0;0
jun_2019;flowing;S2;sediment;0;0;0;0;0;11.11;0;0;11.11;0;388.89;0;0;0;0;0;0;0;344.44;0;0;0;0;0;0;0;0;0;0;0;0;0;0;0;0;0;0;0;33.33;0;0;0;0;0;0;0;0;0;0;0
jun_2019;flowing;S2;sediment;0;0;0;0;0;0;0;0;0;0;211.11;0;0;0;0;0;0;177.78;155.56;0;0;100;0;0;0;0;0;0;0;0;0;0;0;0;0;0;22.22;0;44.44;0;0;11.11;0;0;0;0;0;0;0;0
jun_2019;flowing;S2;macrophyte;40;0;0;0;0;30;0;0;20;0;10;0;0;0;0;0;0;0;50;0;0;0;0;0;0;0;10;0;0;0;0;0;0;0;0;0;0;0;0;0;0;0;0;0;0;0;0;0;0;0
jun_2019;flowing;S2;macrophyte;160;0;0;0;0;30;0;0;0;0;440;0;0;0;0;0;0;130;20;0;0;60;0;0;0;0;0;0;0;0;0;0;0;0;0;0;80;0;0;0;0;0;0;0;0;0;0;0;0;0
jun_2019;flowing;S2;macrophyte;10;0;0;0;0;10;0;0;0;0;10;0;0;0;0;0;0;0;40;0;0;50;0;0;0;0;0;0;0;0;0;0;0;0;0;0;0;0;0;0;0;0;0;0;0;0;0;0;0;0
jun_2019;flowing;S2;sediment;0;0;0;0;0;55.56;0;0;0;0;344.44;0;0;0;0;0;0;0;244.44;0;0;33.33;0;0;0;0;0;0;0;0;0;0;0;0;0;0;0;0;55.56;11.11;0;0;0;0;0;0;0;0;11.11;0
jun_2019;flowing;S2;sediment;0;0;0;0;0;55.56;0;0;0;0;222.22;0;0;0;0;0;0;0;933.33;0;0;44.44;0;0;33.33;0;0;0;0;0;0;0;0;0;0;0;0;0;11.11;11.11;0;0;0;0;0;0;0;0;0;0
jun_2019;flowing;S2;sediment;0;0;0;0;0;11.11;0;0;0;0;88.89;0;0;0;0;0;0;11.11;88.89;0;11.11;11.11;0;0;0;0;0;0;0;0;0;0;0;0;0;0;0;0;22.22;0;0;0;0;0;0;0;0;0;0;0
jun_2019;flowing;S2;macrophyte;40;0;0;0;0;20;0;0;0;0;50;20;0;0;0;0;0;0;10;0;0;0;0;0;0;0;0;0;0;0;0;0;0;0;0;0;10;0;0;0;0;0;0;0;0;0;0;0;0;0
jun_2019;flowing;S2;macrophyte;0;0;0;0;0;0;0;0;0;0;10;0;0;0;0;0;0;0;0;0;0;0;0;0;0;0;0;0;0;0;0;0;0;0;0;0;0;0;0;0;0;0;0;0;0;0;0;0;0;0
jun_2019;flowing;S2;sediment;0;0;0;0;0;233.33;0;0;0;0;366.67;0;0;0;0;0;0;22.22;900;0;0;44.44;0;0;0;0;0;0;0;0;0;0;0;0;0;0;0;0;11.11;22.22;0;0;0;0;0;0;0;0;0;0
jun_2019;flowing;S2;sediment;0;0;0;0;0;22.22;0;0;33.33;0;166.67;0;0;0;0;0;0;11.11;44.44;0;0;0;0;0;0;0;0;0;0;0;0;0;0;0;0;0;0;0;11.11;0;0;0;0;0;0;0;0;0;0;0
jun_2019;flowing;S2;sediment;0;0;0;0;0;22.22;0;0;0;0;55.56;0;0;0;0;0;0;0;133.33;0;0;0;0;0;0;0;0;0;0;0;0;0;0;0;0;0;0;0;44.44;0;0;0;0;0;0;0;0;0;0;0
jun_2019;flowing;S2;algae;10;0;0;0;0;20;0;0;0;0;170;0;0;0;0;0;0;140;40;0;0;10;0;0;0;0;20;0;0;0;0;0;0;0;0;0;30;0;0;0;0;10;0;0;0;0;0;0;0;0
jun_2019;flowing;S2;algae;0;0;0;0;0;20;0;0;0;0;0;0;0;0;0;0;0;10;40;0;0;10;0;0;0;40;20;0;0;0;0;0;0;0;0;0;0;0;0;0;0;0;0;0;0;0;0;0;0;0
jun_2019;flowing;S2;algae;0;0;0;0;0;10;0;0;0;0;20;10;0;0;0;0;0;20;40;0;0;0;0;0;0;0;0;0;0;0;0;0;0;0;0;0;0;0;10;0;0;0;0;0;0;0;0;10;0;0
jun_2019;flowing;S3;macrophyte;20;0;0;0;0;20;0;0;70;0;160;0;0;0;0;0;0;10;90;0;0;110;40;0;0;0;0;0;0;0;0;0;0;0;0;0;0;0;0;10;0;0;0;0;0;0;0;0;0;10
jun_2019;flowing;S3;macrophyte;0;0;0;0;0;20;0;0;0;0;30;0;0;0;0;0;0;0;30;0;0;30;0;0;0;0;0;0;0;0;0;0;0;0;0;0;0;0;0;0;0;0;0;0;0;0;0;0;0;0
jun_2019;flowing;S3;sediment;0;0;0;0;0;0;0;0;0;0;211.11;0;0;0;0;0;0;0;0;0;0;0;0;0;0;0;0;0;0;0;0;0;0;0;0;0;0;0;44.44;0;0;0;0;0;0;0;0;0;0;0
jun_2019;flowing;S3;sediment;0;0;0;0;0;11.11;0;0;0;0;33.33;0;0;0;0;0;0;0;11.11;0;0;0;0;0;0;0;0;0;0;0;0;0;0;0;0;0;0;0;33.33;0;0;0;0;0;0;0;0;0;0;0
jun_2019;flowing;S3;sediment;0;0;0;0;0;33.33;0;0;0;0;144.44;0;0;0;0;0;0;55.56;77.78;0;0;11.11;0;0;0;0;0;0;0;0;0;0;0;0;0;0;0;0;0;0;0;0;0;0;0;0;0;0;0;0
jun_2019;flowing;S3;macrophyte;0;0;0;0;0;0;0;0;0;0;70;0;0;0;0;0;0;0;40;0;0;0;0;0;0;0;0;0;0;0;0;0;0;0;0;0;10;0;0;0;0;0;0;0;0;0;0;0;0;0
jun_2019;flowing;S3;macrophyte;0;0;0;0;0;0;0;0;0;0;130;0;0;0;0;0;0;0;0;0;0;0;0;0;0;0;0;0;0;0;0;0;0;0;0;0;20;0;0;0;0;0;0;0;0;0;0;0;0;0
jun_2019;flowing;S3;macrophyte;0;0;0;0;0;0;0;0;0;0;40;0;0;0;0;0;0;0;0;0;0;0;0;0;0;0;0;0;0;0;0;0;0;0;0;0;0;0;0;0;0;0;0;0;0;0;0;0;0;0
jun_2019;flowing;S3;sediment;0;0;0;0;0;0;0;0;0;0;55.56;0;0;0;0;0;0;0;0;0;0;0;0;0;0;0;0;0;0;0;0;0;0;0;0;0;0;0;0;0;0;0;0;0;0;0;0;0;0;0
jun_2019;flowing;S3;sediment;0;0;0;0;0;44.44;0;0;22.22;0;877.78;0;0;0;0;0;0;11.11;33.33;0;0;0;0;0;0;0;0;0;0;0;0;0;0;0;0;0;0;0;44.44;0;0;0;0;0;0;0;0;0;0;0
jun_2019;flowing;S3;sediment;0;0;0;0;0;0;0;0;0;0;177.78;0;0;0;0;0;0;0;0;0;0;11.11;0;0;0;0;0;0;0;0;0;0;0;0;0;0;0;0;11.11;0;0;0;0;0;0;0;0;0;0;0
jun_2019;flowing;S3;macrophyte;0;0;0;0;0;0;0;0;0;0;0;0;0;0;0;0;0;0;0;0;0;0;0;0;0;0;10;0;0;0;0;0;0;0;0;0;0;0;0;0;0;0;0;0;0;0;0;0;0;0
jun_2019;flowing;S3;macrophyte;0;0;0;0;0;10;0;0;0;0;130;0;0;0;0;0;0;0;0;0;0;0;0;0;0;0;0;0;0;0;0;0;0;0;0;0;0;0;0;0;0;0;0;0;0;0;0;0;0;0
jun_2019;flowing;S3;macrophyte;0;0;0;0;0;90;0;10;0;0;80;10;0;0;0;0;0;0;0;0;0;0;0;0;0;0;0;0;0;10;0;0;0;0;0;10;0;0;0;0;0;0;0;0;0;0;0;0;0;0
jun_2019;flowing;S3;sediment;0;0;0;0;0;0;0;0;0;0;122.22;0;0;0;0;0;0;0;77.78;0;0;11.11;0;0;0;0;0;0;0;0;0;0;0;0;0;0;0;0;0;11.11;0;0;0;0;0;0;0;0;0;0
jun_2019;flowing;S3;sediment;0;0;0;0;0;11.11;0;0;0;0;0;0;0;0;0;0;0;33.33;44.44;0;0;0;0;0;0;0;0;0;0;0;0;0;0;0;0;0;0;0;0;0;0;0;0;0;0;0;0;0;0;0
jun_2019;flowing;S3;sediment;0;0;0;0;0;22.22;0;0;11.11;0;266.67;0;0;0;0;0;0;100;133.33;0;0;0;0;0;0;0;0;0;0;0;0;0;0;0;0;0;0;0;0;0;0;0;0;0;0;0;0;0;0;0
jun_2019;flowing;S3;sediment;0;0;0;0;0;11.11;0;0;11.11;0;255.56;0;0;0;0;0;0;0;22.22;0;0;0;0;0;0;0;0;0;0;0;0;0;0;0;0;0;0;0;44.44;0;0;0;0;0;0;0;0;0;0;0
jun_2019;flowing;S3;sediment;0;0;0;0;0;22.22;0;0;11.11;0;600;0;0;0;0;0;0;55.56;1455.56;0;0;144.44;0;0;0;0;0;0;0;0;0;0;0;0;0;0;0;0;55.56;0;0;0;0;0;0;0;0;0;0;0
jun_2019;flowing;S4;sediment;0;0;0;0;0;0;0;0;0;0;0;0;0;0;0;0;0;0;0;0;0;0;0;0;0;0;0;0;0;0;0;0;0;0;0;0;0;0;22.22;0;0;0;0;0;0;0;0;0;0;0
jun_2019;flowing;S4;sediment;0;0;0;0;0;0;0;0;0;0;0;0;0;0;0;0;0;0;0;0;0;0;0;0;0;0;0;0;0;0;0;0;0;0;0;0;0;0;11.11;0;0;0;0;0;0;0;0;0;0;0
jun_2019;flowing;S4;sediment;0;0;0;0;0;0;11.11;0;0;0;355.56;0;0;0;0;0;0;0;44.44;0;0;0;0;0;0;0;0;0;0;0;0;0;0;0;0;0;0;0;0;0;0;0;0;0;0;0;0;0;0;0
jun_2019;flowing;S4;sediment;0;0;0;0;0;11.11;0;0;0;0;111.11;0;0;0;0;0;0;0;22.22;0;0;0;0;0;0;0;0;0;0;0;0;0;0;0;0;0;0;0;0;0;0;0;0;0;0;0;0;0;0;0
jun_2019;flowing;S4;sediment;0;0;0;0;0;11.11;0;0;0;0;233.33;0;0;0;0;0;0;0;0;0;0;0;0;0;0;0;0;0;0;0;0;0;0;0;0;0;0;0;0;0;0;0;0;0;0;0;0;0;0;0
jun_2019;flowing;S4;macrophyte;0;0;0;0;0;0;0;0;0;0;0;0;0;0;0;0;0;0;0;0;0;0;0;0;0;0;0;0;0;20;0;0;0;0;0;0;0;0;0;0;0;0;0;0;0;0;0;0;0;0
jun_2019;flowing;S4;macrophyte;20;0;0;0;0;60;0;0;0;0;10;0;0;0;0;0;0;0;20;0;0;0;0;0;0;10;0;0;0;20;0;0;0;0;0;0;0;0;0;0;0;0;0;0;0;0;0;0;0;0
jun_2019;flowing;S4;macrophyte;0;0;0;0;0;0;0;0;0;0;190;10;0;0;0;0;0;10;10;0;0;0;0;0;0;0;0;0;0;0;0;0;0;0;0;0;0;0;0;0;0;0;0;0;0;0;0;0;0;0
jun_2019;flowing;S4;sediment;0;0;0;0;0;33.33;0;0;22.22;0;11.11;0;0;0;0;0;0;0;11.11;0;0;0;0;0;0;0;0;0;0;0;0;0;0;0;0;0;0;0;33.33;0;0;0;0;0;0;0;0;0;0;0
jun_2019;flowing;S4;sediment;0;0;0;0;0;0;0;0;0;0;11.11;0;0;0;0;0;0;0;0;0;0;0;0;0;0;0;0;0;0;0;0;0;0;0;0;0;0;0;33.33;0;0;0;0;0;0;0;0;0;0;0
jun_2019;flowing;S4;sediment;0;0;0;0;0;0;0;0;0;0;22.22;0;0;0;0;0;0;0;0;0;0;11.11;0;0;0;0;0;0;0;0;0;0;0;0;0;0;0;0;11.11;0;0;0;0;0;0;0;0;0;0;0
jun_2019;flowing;S4;sediment;0;0;0;0;0;0;0;0;0;0;388.89;0;0;0;0;0;0;0;0;0;0;0;0;0;0;0;0;0;0;0;0;0;0;0;0;0;0;0;0;0;0;0;0;0;0;0;0;0;0;0
jun_2019;flowing;S4;sediment;0;0;0;0;0;0;0;0;0;0;77.78;0;0;0;0;0;0;0;11.11;0;0;11.11;0;0;0;0;0;0;0;0;0;0;0;0;0;0;0;0;22.22;11.11;0;0;0;0;0;0;0;0;0;0
jun_2019;flowing;S5;sediment;0;0;0;0;0;0;0;0;0;0;0;0;0;0;0;0;0;0;0;0;0;0;0;0;0;0;0;0;0;0;0;0;0;0;0;0;0;0;22.22;0;0;0;0;0;0;0;0;0;0;0
jun_2019;flowing;S5;sediment;0;0;0;0;0;0;0;0;0;0;0;0;0;0;0;0;0;0;0;0;0;0;0;0;0;0;0;0;0;0;0;0;0;0;0;0;0;0;11.11;0;0;0;0;0;0;0;0;0;0;0
jun_2019;flowing;S5;sediment;0;0;0;0;0;0;0;0;0;0;11.11;0;0;0;0;0;0;0;0;0;0;0;0;0;0;0;0;0;0;0;0;0;0;0;0;0;0;0;0;0;0;0;0;0;0;0;0;0;0;0
jun_2019;flowing;S5;macrophyte;0;0;0;0;0;0;0;0;0;0;20;0;0;0;0;0;0;0;0;0;0;0;0;0;0;0;0;0;0;0;0;0;0;0;0;0;0;0;0;0;0;0;0;0;0;0;0;0;0;0
jun_2019;flowing;S5;macrophyte;0;0;0;0;0;0;0;0;0;0;30;0;0;0;0;0;0;0;0;0;0;0;0;0;0;0;0;0;0;0;0;0;0;0;0;0;0;0;0;0;0;0;0;0;0;0;0;0;0;0
jun_2019;flowing;S5;sediment;0;0;0;0;0;0;0;0;0;0;0;0;0;0;0;0;0;0;0;0;0;0;0;0;0;0;0;0;0;0;0;0;0;0;0;0;0;0;11.11;0;0;0;0;0;0;0;0;0;0;0
jun_2019;flowing;S5;sediment;0;0;0;0;0;0;0;0;0;0;0;0;0;0;0;0;0;0;0;0;0;0;0;0;0;0;0;0;0;0;0;0;0;0;0;0;0;0;11.11;0;0;0;0;0;0;0;0;0;0;0
jun_2019;flowing;S5;sediment;0;0;0;0;0;0;0;0;0;0;11.11;0;0;0;0;0;11.11;0;0;0;0;0;0;0;0;0;0;0;0;0;0;0;0;0;0;0;0;0;22.22;0;0;0;0;0;0;0;0;0;0;0
jun_2019;flowing;S5;macrophyte;0;0;0;0;0;0;0;0;0;0;70;0;0;0;0;0;0;0;0;0;0;0;0;0;0;0;0;0;0;0;0;0;0;0;0;0;0;0;0;0;0;0;0;0;0;0;0;0;0;0
jun_2019;flowing;S5;sediment;0;0;0;0;0;0;11.11;0;0;0;0;0;0;0;0;0;0;0;0;0;0;0;0;0;0;0;0;0;0;0;0;0;0;0;0;0;0;0;0;0;0;0;0;0;0;0;0;0;0;0
jun_2019;flowing;S5;sediment;0;0;0;0;0;0;0;0;0;0;0;0;0;0;0;0;0;0;0;0;0;0;0;0;0;0;0;0;0;0;0;0;0;0;0;0;0;0;22.22;0;0;0;0;0;0;0;0;0;0;0
jun_2019;flowing;S5;sediment;0;0;0;0;0;0;0;0;0;0;88.89;0;0;0;0;0;0;22.22;33.33;0;0;0;0;0;0;0;0;0;0;0;0;0;0;0;0;0;0;0;22.22;0;0;0;0;0;0;0;0;0;0;0
jun_2019;flowing;S6;sediment;0;0;0;0;0;0;0;0;0;0;0;0;0;0;0;0;0;0;0;0;0;0;0;0;0;0;0;0;0;0;0;0;0;0;0;0;0;0;33.33;0;0;0;0;0;0;0;0;0;0;0
jun_2019;flowing;S6;sediment;0;0;0;0;0;22.22;0;0;0;0;0;0;0;0;0;0;0;0;0;0;0;0;0;0;0;0;0;0;0;0;0;0;0;0;0;0;0;0;22.22;0;0;0;0;0;0;0;0;0;0;0
jun_2019;flowing;S6;sediment;0;0;0;0;0;11.11;0;0;0;0;33.33;0;0;0;0;0;0;0;0;0;0;0;0;0;0;0;0;0;0;0;0;0;0;0;0;0;0;0;0;0;0;0;0;0;0;0;0;0;0;0
jun_2019;flowing;S6;algae;0;0;0;0;0;70;0;0;0;0;30;20;0;0;0;0;0;40;240;0;0;10;0;0;0;0;10;0;0;0;0;0;0;0;0;0;0;0;10;0;0;0;0;0;0;0;0;0;0;0
jun_2019;flowing;S6;algae;0;0;0;0;0;80;0;0;0;0;70;0;0;0;0;0;0;70;110;0;0;0;0;10;0;0;0;0;0;0;0;0;0;0;0;0;10;0;0;0;0;0;0;0;0;0;10;0;0;0
jun_2019;flowing;S6;algae;0;0;0;0;0;0;0;0;0;0;0;0;0;0;0;0;0;0;0;0;0;0;0;0;0;0;0;0;0;0;0;0;0;0;0;0;0;0;0;0;0;0;0;0;0;10;0;0;0;0
jun_2019;flowing;S6;algae;0;0;0;0;0;20;0;0;0;0;20;30;0;0;0;0;0;30;0;0;0;20;0;0;0;10;10;0;0;0;0;0;0;0;0;0;10;0;0;0;0;0;0;0;0;0;0;0;0;0
jun_2019;flowing;S6;algae;10;0;0;0;0;260;0;0;0;0;0;90;0;0;0;0;0;90;120;0;0;0;0;0;0;0;0;0;0;0;0;0;0;0;0;0;0;0;10;0;0;0;0;0;0;0;0;0;0;0
jun_2019;flowing;S6;algae;0;0;0;0;0;110;0;0;0;0;0;0;0;0;0;0;0;60;150;0;0;0;0;0;0;0;20;0;0;0;0;0;0;0;0;0;0;0;0;0;0;0;0;0;0;0;0;0;0;0
jun_2019;flowing;S6;sediment;0;0;0;0;0;66.67;0;0;0;0;0;0;0;0;0;0;0;0;0;0;0;0;0;0;0;0;0;0;0;0;0;0;0;0;0;0;0;0;0;0;0;0;0;0;0;0;0;0;0;0
jun_2019;flowing;S6;sediment;0;0;0;0;0;0;0;0;0;0;0;0;0;0;0;0;0;0;11.11;0;0;22.22;0;0;0;0;0;0;0;0;0;0;0;0;0;0;0;0;0;0;0;0;0;0;0;0;0;0;0;0
jun_2019;flowing;S6;algae;0;0;0;0;0;0;0;0;0;0;40;60;0;0;0;0;0;20;20;0;0;20;0;0;0;0;0;0;0;0;0;0;0;0;0;0;0;0;0;0;0;0;0;0;0;0;0;0;0;0
jun_2019;flowing;S6;algae;0;0;0;0;0;270;0;0;0;0;0;0;0;0;0;0;0;180;110;0;0;40;0;0;0;0;180;0;0;0;0;0;0;0;0;0;0;0;0;10;0;0;0;0;0;0;0;0;0;0
jun_2019;flowing;S6;algae;0;0;0;0;0;710;0;0;0;0;0;0;0;0;0;0;0;710;0;0;0;100;0;0;0;0;40;0;0;0;0;0;0;0;0;0;0;0;10;0;0;0;0;0;0;0;0;0;0;0
jun_2019;flowing;S6;sediment;0;0;0;0;0;66.67;0;0;0;0;355.56;0;0;0;0;0;0;44.44;0;0;0;0;0;0;0;0;0;0;0;0;0;0;0;0;0;0;0;0;22.22;0;0;0;0;0;0;0;0;0;0;0
jun_2019;flowing;S6;sediment;0;0;0;0;0;411.11;0;0;0;0;0;0;0;0;0;0;0;88.89;133.33;0;0;0;0;0;0;0;0;0;0;0;0;0;0;0;0;0;0;0;0;0;0;0;0;0;0;0;0;0;0;0
jun_2019;flowing;S6;sediment;0;0;0;0;0;333.33;0;0;22.22;0;388.89;0;0;0;0;0;0;0;0;0;0;0;0;0;0;0;0;0;0;0;0;0;0;0;0;0;0;0;33.33;0;0;0;0;0;0;0;0;0;0;0
jun_2019;flowing;S6;macrophyte;0;0;0;0;0;0;0;0;0;0;90;0;0;0;0;0;0;0;0;0;0;0;0;0;0;0;0;0;0;0;0;0;0;0;0;0;0;0;0;0;0;0;0;0;0;0;0;0;0;0
jun_2019;flowing;S6;sediment;0;0;0;0;0;311.11;0;0;0;0;88.89;0;0;0;0;0;0;55.56;0;0;0;0;0;0;0;0;0;0;0;0;0;0;0;0;0;0;0;0;0;0;0;0;0;0;0;11.11;0;0;0;0
jun_2019;flowing;S6;sediment;0;0;0;0;0;577.78;0;0;0;0;3133.33;0;0;0;0;0;0;277.78;55.56;0;0;0;0;0;0;0;0;0;0;0;0;0;0;0;0;0;0;0;11.11;0;0;0;0;0;0;0;0;0;0;0
jun_2019;flowing;S6;sediment;0;0;0;0;0;233.33;0;0;0;0;288.89;0;0;0;0;0;0;0;0;0;0;0;0;0;0;0;0;0;0;0;0;0;0;0;0;0;0;0;22.22;0;0;0;0;0;0;0;0;0;0;0
jan_2020;non_flowing;S1;macrophyte;0;0;0;0;0;0;0;0;0;0;10;0;0;0;0;0;0;0;0;0;0;0;0;0;0;0;0;0;0;0;0;0;0;0;0;0;0;0;0;0;0;0;0;0;0;0;0;0;0;0
jan_2020;non_flowing;S1;sediment;0;0;0;0;0;0;0;0;0;0;11.11;0;0;0;0;0;0;0;0;0;0;0;0;0;0;0;0;0;0;0;0;0;0;0;0;0;0;0;0;0;0;0;0;0;0;0;0;0;0;0
jan_2020;non_flowing;S1;sediment;0;0;0;0;0;0;0;0;0;0;44.44;0;0;0;0;0;0;0;0;0;0;0;0;0;0;0;0;0;0;0;0;0;0;0;0;0;0;0;0;0;0;0;0;0;0;0;0;0;0;0
jan_2020;non_flowing;S1;sediment;0;0;0;0;0;22.22;0;0;0;0;0;0;0;0;0;0;0;0;0;0;0;0;0;0;0;0;22.22;0;0;0;0;0;0;0;0;0;0;0;0;0;0;0;0;0;0;0;0;0;0;0
jan_2020;non_flowing;S2;sediment;0;0;0;0;0;0;0;0;0;0;0;0;0;0;0;0;0;0;0;0;0;0;0;0;0;0;0;0;0;0;0;0;0;0;0;0;0;0;0;11.11;0;0;0;0;0;0;0;0;0;0
jan_2020;non_flowing;S2;sediment;0;0;0;0;0;22.22;0;0;0;0;11.11;0;0;0;0;0;0;0;0;0;0;0;0;0;0;0;0;0;0;0;0;0;0;0;0;0;0;0;0;0;0;0;0;0;0;0;0;0;0;0
jan_2020;non_flowing;S2;sediment;0;0;0;0;0;0;0;0;0;0;11.11;0;0;0;0;0;0;0;0;0;0;0;0;0;0;0;0;0;0;0;0;0;0;0;0;0;0;0;0;0;0;0;0;0;0;0;0;0;0;0
jan_2020;non_flowing;S2;sediment;0;0;0;0;0;11.11;0;0;0;0;0;0;0;0;0;0;0;0;0;0;0;0;0;0;0;0;0;0;0;0;0;0;0;0;0;0;0;0;0;0;0;0;0;0;0;0;0;0;0;0
jan_2020;non_flowing;S3;sediment;0;0;0;0;0;0;0;0;0;0;11.11;0;0;0;0;0;0;0;0;0;0;0;0;0;0;0;0;0;0;0;0;0;0;0;0;0;0;0;0;0;0;0;0;0;0;0;0;0;0;0
jan_2020;non_flowing;S3;sediment;0;0;0;0;0;0;0;0;0;0;11.11;0;0;0;0;0;0;0;0;0;0;0;0;0;0;0;0;0;0;0;0;0;0;0;0;0;0;0;0;0;0;0;0;0;0;0;0;0;0;0
jan_2020;non_flowing;S3;sediment;0;0;0;0;0;0;0;0;11.11;0;44.44;0;0;0;0;0;0;0;0;0;0;0;0;0;0;0;0;0;0;0;0;0;0;0;0;0;0;0;0;0;0;0;0;0;0;0;0;0;0;0
jan_2020;non_flowing;S4;sediment;0;0;0;0;0;11.11;0;0;77.78;0;22.22;0;0;0;0;0;0;0;0;0;0;0;0;0;0;0;22.22;0;0;0;0;0;0;0;0;0;0;0;11.11;0;0;0;0;0;0;0;11.11;0;0;0
jan_2020;non_flowing;S5;sediment;0;0;0;0;0;0;0;0;0;0;66.67;0;0;0;0;0;0;0;11.11;0;0;0;0;0;0;0;0;0;0;0;0;0;0;0;0;0;0;0;0;0;0;0;0;0;0;0;0;0;0;0
jan_2020;non_flowing;S5;sediment;0;0;0;0;0;0;0;0;0;0;11.11;0;0;0;0;0;0;0;0;0;0;0;0;0;0;0;0;0;0;0;0;0;0;0;0;0;0;0;0;0;0;0;0;0;0;0;0;0;0;0
jan_2020;non_flowing;S5;algae;0;0;0;0;0;10;0;0;0;0;0;0;0;0;0;0;0;0;0;0;0;0;0;0;0;0;0;0;0;0;0;0;0;0;0;0;0;0;0;0;0;0;0;0;0;0;0;0;0;0
jan_2020;non_flowing;S5;sediment;0;0;0;0;0;0;0;0;0;0;0;0;0;0;0;0;0;0;22.22;0;0;0;0;0;0;0;0;0;0;0;0;0;0;0;0;0;0;0;11.11;0;0;0;0;0;0;0;0;0;0;0
jan_2020;non_flowing;S5;sediment;0;0;0;0;0;0;0;0;0;0;0;0;0;0;0;0;0;0;0;0;0;0;0;0;0;0;0;0;0;0;0;0;0;0;0;0;0;0;0;11.11;0;0;0;0;0;0;0;0;0;0
jan_2020;non_flowing;S5;macrophyte;0;0;0;0;0;0;0;0;0;0;0;10;0;0;0;0;0;0;0;0;0;0;0;0;0;0;0;0;0;0;0;0;0;0;0;0;0;0;0;0;0;0;0;0;0;0;0;0;0;0
jan_2020;non_flowing;S5;macrophyte;0;0;0;0;0;0;0;0;0;0;10;0;0;0;0;0;0;0;0;0;0;0;0;0;0;0;0;0;0;0;0;0;0;0;0;0;0;0;0;0;0;0;0;0;0;0;0;0;0;0
jan_2020;non_flowing;S5;macrophyte;0;0;0;0;0;0;0;0;0;0;10;0;0;0;0;0;0;0;0;0;0;0;0;0;0;0;10;0;0;0;0;0;0;0;0;0;0;0;0;0;0;0;0;0;0;0;0;0;0;0
jan_2020;non_flowing;S5;algae;0;0;0;0;0;0;0;0;0;0;180;0;0;0;0;0;0;120;30;0;0;0;0;0;0;0;10;0;0;0;0;0;0;0;0;0;0;0;0;10;0;0;0;0;0;0;0;0;0;0
jan_2020;non_flowing;S5;algae;0;0;0;0;0;0;0;0;0;0;10;0;0;0;0;0;0;0;0;0;0;20;0;0;0;0;30;0;0;0;0;0;0;0;0;0;0;0;0;0;0;0;0;0;0;0;0;0;0;0
jan_2020;non_flowing;S5;sediment;0;0;0;0;0;22.22;0;0;0;0;0;0;0;0;0;0;0;0;0;0;0;0;0;0;0;0;0;0;0;0;0;0;0;0;0;0;0;0;0;0;0;0;0;0;0;0;0;0;0;0
jan_2020;non_flowing;S5;macrophyte;0;0;0;0;0;0;0;0;0;0;20;0;0;0;0;0;0;0;50;0;0;0;0;0;0;0;0;0;0;0;0;0;0;0;0;0;0;0;10;0;0;0;0;0;0;0;0;0;0;0
jan_2020;non_flowing;S5;macrophyte;0;0;0;0;0;10;0;0;0;0;110;0;0;0;0;0;0;0;10;0;0;0;0;0;0;0;0;0;0;0;0;0;0;0;0;0;0;0;0;10;0;0;0;0;0;0;0;0;0;0
jan_2020;non_flowing;S5;macrophyte;0;0;0;0;0;0;0;0;0;0;10;0;0;0;0;0;0;0;0;0;0;0;0;0;0;0;0;0;0;0;0;0;0;0;0;0;0;0;0;0;0;0;0;0;0;0;0;0;0;0
jan_2020;non_flowing;S5;sediment;0;0;0;0;0;0;0;0;0;0;0;0;0;11.11;0;0;0;0;0;0;0;0;0;0;0;0;0;0;0;0;0;0;0;0;0;0;0;0;0;0;0;0;0;0;0;0;0;0;0;0
jan_2020;non_flowing;S5;algae;0;0;0;0;0;10;0;0;0;0;110;0;0;0;0;0;0;10;20;0;0;0;0;0;0;10;10;0;0;0;0;0;0;0;0;0;10;0;0;0;0;0;0;0;0;0;0;0;0;0
jan_2020;non_flowing;S5;algae;0;0;0;0;0;0;10;0;0;0;10;0;0;0;0;0;0;0;0;0;0;0;0;0;0;0;0;0;0;0;0;0;20;0;0;0;0;0;0;10;0;0;0;0;0;0;0;0;0;0
